measure,mean_response,percent_NA
int,4.24563728738679,0.17840290381125226
pc,3.6462472406181017,0.17785843920145192
uv,3.739146431199411,0.17785843920145192
